param_id,param_name,mu,mu_star,sigma,n_ee
1,mortality.additional.rate.sp0,309.906040434158,1576.86040931714,5040.46933900742,1000
2,mortality.additional.rate.sp1,161.116078757065,1451.06514514745,2887.5220365875,1000
3,mortality.additional.rate.sp2,35.9129167232186,1371.86121146595,2248.17121941279,1000
4,mortality.additional.rate.sp3,175.51038448795,1954.41395456738,2793.19296162778,1000
5,mortality.additional.rate.sp4,24.0295205083249,1409.75362109861,2617.40417016928,1000
6,mortality.additional.rate.sp5,-212.16271498714,1691.91451284866,3287.9033254712,1000
7,mortality.additional.rate.sp6,-14.4994008358002,1376.89905091137,2254.08416218503,1000
8,mortality.additional.rate.sp7,-1.91409683784949,1498.59166502391,3098.65415706056,1000
9,mortality.additional.rate.sp8,-27.5514825710945,1395.67606044272,2691.34248057823,1000
10,mortality.additional.rate.sp9,110.195798871544,1482.86245368493,2679.05991465245,1000
11,mortality.additional.rate.sp10,20.0145286871943,1342.0572161625,2330.528494682,1000
12,mortality.additional.rate.sp11,89.3067755310011,1384.44036800058,2903.56168896656,1000
13,mortality.additional.rate.sp12,28.0379497218571,1416.47297668245,2650.89239155265,1000
14,mortality.additional.rate.sp13,-31.6376322663554,1427.9833527123,2827.91506367732,1000
15,mortality.additional.rate.sp14,-20.4560795934428,1593.48539088944,3316.48558416464,1000
16,mortality.additional.rate.sp15,-148.105529258878,1466.51885012557,2720.29966247873,1000
17,fisheries.rate.base.fsh0,-166.749235999066,7315.47318853497,8087.37388730037,1000
18,fisheries.rate.base.fsh1,812.292859606933,17739.51154637,21446.4667441628,1000
19,fisheries.rate.base.fsh2,-56.9127712979902,1428.05356530073,2657.80576059959,1000
20,fisheries.rate.base.fsh3,-7.29305985785295,2488.76479356883,3835.11500866624,1000
21,species.catchability.fsh0.sp0,3.39265321725631,1578.5919444324,2486.00662613629,1000
22,species.catchability.fsh0.sp1,51.3559869890067,1486.55335677047,2344.67264587429,1000
23,species.catchability.fsh0.sp2,-321.134981924103,2177.90265118621,3791.50834386168,1000
24,species.catchability.fsh0.sp3,-100.456368430851,2380.70592739201,3752.53154335898,1000
25,species.catchability.fsh0.sp5,-81.541523902319,1457.04123627195,2780.19341080406,1000
26,species.catchability.fsh0.sp7,-33.0465159458258,1425.93868481026,2482.03133834822,1000
27,species.catchability.fsh0.sp8,-174.746667456834,1724.80100812683,3778.94474300378,1000
28,species.catchability.fsh0.sp9,122.667749086807,1435.182736773,2452.30774996961,1000
29,species.catchability.fsh0.sp10,-8.16140148904881,1683.41932749092,2741.87121771353,1000
30,species.catchability.fsh0.sp13,-53.5941991006894,1953.82810922022,3576.22660127167,1000
31,species.catchability.fsh0.sp14,134.098204454766,1520.47937972412,2792.38056277289,1000
32,species.catchability.fsh0.sp15,-37.1468527107996,1456.69407167465,2769.79291865294,1000
33,species.catchability.fsh1.sp9,7.19039571766438,2887.25387574178,4184.37929385678,1000
34,species.catchability.fsh1.sp10,-147.933364987047,1859.04961326476,3782.26564724268,1000
35,species.catchability.fsh1.sp11,100.755594196268,12122.8481602727,16467.0252903622,1000
36,species.catchability.fsh1.sp12,30.7356194889438,2754.81258943957,3613.62496417292,1000
37,species.catchability.fsh2.sp0,-23.8873027680515,1496.7774056452,3607.41946391759,1000
38,species.catchability.fsh2.sp5,-2.28333247829343,1333.83596902702,2134.55549572733,1000
39,species.catchability.fsh2.sp7,11.8181777607155,1388.42268788275,2310.69310978532,1000
40,species.catchability.fsh2.sp8,-188.696850915739,1469.6197416672,2889.58344938318,1000
41,species.catchability.fsh3.sp0,-54.7418183343516,1351.43580853887,2394.60203925096,1000
42,species.catchability.fsh3.sp1,24.2939508768944,1525.5248269876,2728.58457738444,1000
43,species.catchability.fsh3.sp2,163.276216021389,1488.26304788267,3104.87102263055,1000
44,species.catchability.fsh3.sp3,-60.6013337587228,1521.16847456436,3344.88759681166,1000
45,species.catchability.fsh3.sp5,78.7607155787185,1497.06745233614,2959.31256102348,1000
46,species.catchability.fsh3.sp7,-78.2562792841869,1433.23030221149,2734.12768567833,1000
47,species.catchability.fsh3.sp8,134.873527481704,1562.68845028649,3870.27349103637,1000
48,species.catchability.fsh3.sp9,-106.567002699861,1500.80005018304,3428.2183961022,1000
49,species.catchability.fsh3.sp10,86.8601766544898,1401.52477242942,2771.89928931346,1000
50,species.catchability.fsh3.sp11,-42.8646908854731,1482.7783936865,2576.90978233524,1000
51,species.catchability.fsh3.sp12,61.0168599985881,1561.42557516657,2792.03047494607,1000
52,species.catchability.fsh3.sp13,170.429166371061,1453.94073586539,2741.34290521588,1000
53,species.catchability.fsh3.sp14,18.5864342598234,1446.91146871233,2430.38040748336,1000
54,species.catchability.fsh3.sp15,-47.4700471403807,1335.9494478257,2249.99699148621,1000
55,species.length2weight.condition.factor.sp0,-27.5407063656263,1599.60492245449,2591.6789144882,1000
56,species.length2weight.condition.factor.sp1,111.166316263948,1503.05462767286,3145.90327494245,1000
57,species.length2weight.condition.factor.sp2,124.760925398434,1502.88842435293,3073.08079932412,1000
58,species.length2weight.condition.factor.sp3,-106.299924271735,1977.48471865212,3340.81834977255,1000
59,species.length2weight.condition.factor.sp4,53.9834676669078,1630.28494337018,2447.59484284466,1000
60,species.length2weight.condition.factor.sp5,-58.3211436893376,1481.23362209924,3001.77811738223,1000
61,species.length2weight.condition.factor.sp6,214.504741459686,1511.58683566462,3102.02233070227,1000
62,species.length2weight.condition.factor.sp7,87.5399606977177,1519.81326778282,3405.04355425973,1000
63,species.length2weight.condition.factor.sp8,79.5879330241055,1374.34121708372,3023.6374792496,1000
64,species.length2weight.condition.factor.sp9,-45.0794250104112,1685.09648092228,2971.3022617222,1000
65,species.length2weight.condition.factor.sp10,11.4992862387239,1616.65933882369,2782.63372886033,1000
66,species.length2weight.condition.factor.sp11,-258.374288008475,7596.09294525097,12736.824414038,1000
67,species.length2weight.condition.factor.sp12,-151.882458587497,1449.97829157734,2807.17775897561,1000
68,species.length2weight.condition.factor.sp13,-88.020377354273,1569.97447147523,2781.28607932514,1000
69,species.length2weight.condition.factor.sp14,86.953962509825,1401.82645188791,2607.21744832311,1000
70,species.length2weight.condition.factor.sp15,-169.698679790497,1407.94551019475,3116.60013532505,1000
71,species.k.sp0,-81.8519161597234,3699.55281307733,5100.68368487142,1000
72,species.k.sp1,-36.7694231913593,1361.75232857935,2322.63845218333,1000
73,species.k.sp2,56.9688272263097,1712.37899522642,2891.42097831199,1000
74,species.k.sp3,-82.622254715375,4358.7783230498,6036.22362341248,1000
75,species.k.sp4,96.1107106140366,2503.89389295205,3998.96320835372,1000
76,species.k.sp5,-48.9810538696784,1657.60466119298,2596.1744688962,1000
77,species.k.sp6,-21.1178358213834,1463.54930696271,3273.33034957421,1000
78,species.k.sp7,26.9655497588637,1445.44452546981,2914.80696254277,1000
79,species.k.sp8,-96.0758175466083,1560.94075730316,2716.65340494335,1000
80,species.k.sp9,-51.9800783014855,2478.43444939361,4630.81803409659,1000
81,species.k.sp10,149.979971786404,3064.32284412529,4268.74331085708,1000
82,species.k.sp11,494.486547504334,41323.5833631478,62336.4598236637,1000
83,species.k.sp12,-268.312321879017,1802.20451517257,3541.48607259853,1000
84,species.k.sp13,39.5431116190199,2657.54276852493,5393.08773652334,1000
85,species.k.sp14,-25.7712181795361,1490.53541965385,4339.44625550886,1000
86,species.k.sp15,11.6468072231274,1397.71866962732,2334.17833725144,1000
87,species.l0.sp0,148.923755448942,1653.13728795058,3184.42379777871,1000
88,species.l0.sp1,-7.05391410691874,1461.76600456593,2745.68425706656,1000
89,species.l0.sp2,-18.412739546806,1792.67637352929,3379.08894816498,1000
90,species.l0.sp3,10.0588553999378,1892.7882777972,2911.10572143447,1000
91,species.l0.sp4,-18.7327549067979,1837.52199775394,2867.20583903893,1000
92,species.l0.sp5,-125.112451930206,1445.70201943687,2471.86581458262,1000
93,species.l0.sp6,-38.0907204376022,1424.990894005,2680.44415226844,1000
94,species.l0.sp7,118.412727300544,1432.74910999679,2617.88916791754,1000
95,species.l0.sp8,-77.1622243428062,1408.02741323273,2717.85014310343,1000
96,species.l0.sp9,-77.0342260478944,2713.14161312522,3725.72781484572,1000
97,species.l0.sp10,44.2102063705987,3483.91741024064,4776.08217684422,1000
98,species.l0.sp11,1180.20800477514,31537.3809338865,51115.9934842187,1000
99,species.l0.sp12,35.3266457488637,1543.37182875412,3789.97351496264,1000
100,species.l0.sp13,-83.4718351265444,1264.97344121687,1949.45148098616,1000
101,species.l0.sp14,-27.113502039481,1494.32511558559,2836.85480639856,1000
102,species.l0.sp15,40.6355519734328,1357.89683104996,2465.04092004467,1000
103,mortality.additional.larva.rate.sp0,-159.057609763127,3203.16935737671,4451.50817059442,1000
104,mortality.additional.larva.rate.sp1,42.3307887029619,1422.77738926943,2485.69711979042,1000
105,mortality.additional.larva.rate.sp2,21.0184743021683,3711.81659309532,5651.32358862163,1000
106,mortality.additional.larva.rate.sp3,-292.936077624728,9148.00275898313,12472.3057764267,1000
107,mortality.additional.larva.rate.sp4,-16.2578424869517,1484.00232011897,2661.26814609072,1000
108,mortality.additional.larva.rate.sp5,-71.4403310151619,1394.11254224477,2442.68404871548,1000
109,mortality.additional.larva.rate.sp6,67.2115703284303,1469.8521909188,2881.06341188613,1000
110,mortality.additional.larva.rate.sp9,267.50301084183,6160.3457831339,7605.87466621084,1000
111,mortality.additional.larva.rate.sp10,-142.681088029036,4030.37981967881,5707.32617438621,1000
112,mortality.additional.larva.rate.sp11,-58.6834426783812,1414.5793954864,2881.11343514415,1000
113,mortality.additional.larva.rate.sp12,196.451567691589,1554.69295023869,2786.57925683052,1000
114,mortality.additional.larva.rate.sp13,-137.865019757542,1386.15671706613,2509.43604165432,1000
115,mortality.additional.larva.rate.sp14,-1.60439058853157,1423.51577443629,2623.80451723872,1000
116,mortality.additional.larva.rate.sp15,-124.188018916387,1633.79068593002,3324.00793245786,1000
117,mortality.additional.larva.rate.mean.sp7,21.8176311706862,1390.70835734308,2553.33729391534,1000
118,mortality.additional.larva.rate.mean.sp8,110.54165215092,1479.38435417326,3186.83673758305,1000
119,species.linf.sp0,416.832614824118,4476.82312238298,6044.99325152812,1000
120,species.linf.sp1,44.2586743030654,1753.65648783627,2811.37569828927,1000
121,species.linf.sp2,-135.1422049412,3097.53853760968,5413.52053480107,1000
122,species.linf.sp3,1295.19267954117,17587.4106847227,20158.2398501425,1000
123,species.linf.sp4,-151.249660269804,6403.68669764833,7976.63155572332,1000
124,species.linf.sp5,-8.95666512508573,3097.40763983537,4182.37887627827,1000
125,species.linf.sp6,-108.240307887927,1669.07373500805,4291.11844567847,1000
126,species.linf.sp7,96.1216235776483,1478.294956019,3540.0920243548,1000
127,species.linf.sp8,-190.352710827616,1881.16779900196,3757.69313713997,1000
128,species.linf.sp9,-5.45499181483069,5781.51130849607,7633.05886014066,1000
129,species.linf.sp10,368.999547127234,9312.34031580122,11178.2548276856,1000
130,species.linf.sp11,-2220.15516821087,59483.5570086844,87266.2419272819,1000
131,species.linf.sp12,116.585212102235,2626.06614372871,4200.03786780498,1000
132,species.linf.sp13,-83.3266263775222,2917.60226787937,5951.19894336196,1000
133,species.linf.sp14,-43.437811685741,2001.32586955263,2842.85509714607,1000
134,species.linf.sp15,-18.7834822931201,1578.0310369589,3016.68850427352,1000
135,species.accessibility2fish.sp16,67.4137369962658,1394.10988531678,2716.71868193845,1000
136,species.accessibility2fish.sp17,-63.6974437677848,1405.47401869631,2526.23864483342,1000
137,species.accessibility2fish.sp18,39.9173972248923,1442.54080519933,2971.68416562657,1000
138,species.accessibility2fish.sp19,-112.982757900509,2937.02739063029,5836.95886214551,1000
139,species.accessibility2fish.sp20,78.5240744959239,1466.63106369074,2516.05362471512,1000
140,species.accessibility2fish.sp21,286.507971494524,6070.80135677075,12181.5459131324,1000
141,species.accessibility2fish.sp22,-31.5994941269631,1422.0229025508,2663.22022867648,1000
142,species.accessibility2fish.sp23,-21.5501064805818,1613.74761033999,3306.40565384293,1000
143,species.accessibility2fish.sp24,-148.891684308095,5204.11580094288,6532.58031779218,1000
144,species.accessibility2fish.sp25,1.78326656885637,1382.77553243176,2435.52634416346,1000
145,species.accessibility2fish.sp26,-166.194386822433,1465.21403173444,2725.05464616112,1000
146,species.maturity.size.ratio.sp0,58.908865026704,3279.53982928489,4721.59335891225,1000
147,species.maturity.size.ratio.sp1,-28.6705584122164,1444.19857189704,3161.46233095517,1000
148,species.maturity.size.ratio.sp2,-290.634229634984,1396.16621370155,2687.2125598539,1000
149,species.maturity.size.ratio.sp3,51.2721846035711,1484.87289369379,2617.86322982411,1000
150,species.maturity.size.ratio.sp4,133.505706482631,1803.85093108247,3065.59264121653,1000
151,species.maturity.size.ratio.sp5,83.5941107205585,1412.48842825206,2753.58841497268,1000
152,species.maturity.size.ratio.sp6,33.543290375075,1366.66322787081,2389.1776066552,1000
153,species.maturity.size.ratio.sp7,-51.4062164272132,1356.09791122876,2245.54264019681,1000
154,species.maturity.size.ratio.sp8,123.210824301779,1456.55143514208,3590.59742852367,1000
155,species.maturity.size.ratio.sp9,59.9982526083986,1591.24037353496,3326.39661649556,1000
156,species.maturity.size.ratio.sp10,-91.1749027847669,1629.16103785395,2473.82408119494,1000
157,species.maturity.size.ratio.sp11,4686.62417916274,63141.4281787071,94214.6572895833,1000
158,species.maturity.size.ratio.sp12,24.0075100077039,1380.01509473276,2353.63419890629,1000
159,species.maturity.size.ratio.sp13,112.107490770679,3122.39210668684,6306.03517986276,1000
160,species.maturity.size.ratio.sp14,-93.8250843239608,1379.86351933558,2501.07326400428,1000
161,species.maturity.size.ratio.sp15,62.6805920934932,1573.62946327706,2819.53432600322,1000
162,predation.predPrey.sizeRatio.teta.sp0.stage1,31.589842957102,1581.70627469771,3462.27710298212,1000
163,predation.predPrey.sizeRatio.alpha.sp0.stage1,6.27058700789855,2769.08234417174,4103.51931882692,1000
164,predation.predPrey.sizeRatio.teta.sp1.stage1,156.72884288933,1548.15201443481,3188.01374317225,1000
165,predation.predPrey.sizeRatio.alpha.sp1.stage1,-172.418959189739,1730.53425051021,3365.45779036387,1000
166,predation.predPrey.sizeRatio.teta.sp2.stage1,-103.508741720496,1395.05519676377,2391.28654822379,1000
167,predation.predPrey.sizeRatio.alpha.sp2.stage1,117.11413146728,1890.60341879265,3670.41933565151,1000
168,predation.predPrey.sizeRatio.teta.sp3.stage1,-60.22202248903,1505.59830061051,3264.87537330862,1000
169,predation.predPrey.sizeRatio.alpha.sp3.stage1,-309.365365401545,7012.3553958455,9588.01601181206,1000
170,predation.predPrey.sizeRatio.teta.sp4.stage1,149.207567700383,1581.83529436592,3105.42318012039,1000
171,predation.predPrey.sizeRatio.alpha.sp4.stage1,-14.1731835071031,1961.70945497993,3736.09183309617,1000
172,predation.predPrey.sizeRatio.teta.sp5.stage1,135.591081719624,1575.84029261773,3745.92263794624,1000
173,predation.predPrey.sizeRatio.teta.sp5.stage2,-67.498669647155,2068.0690283199,3858.63698478042,1000
174,predation.predPrey.sizeRatio.alpha.sp5.stage1,68.5519471721111,1375.05972827622,2719.90635819679,1000
175,predation.predPrey.sizeRatio.alpha.sp5.stage2,-104.440500281061,1582.74195105269,2905.81901124496,1000
176,predation.predPrey.sizeRatio.teta.sp6.stage1,-16.6561508751703,1349.9855406829,2528.04178995101,1000
177,predation.predPrey.sizeRatio.alpha.sp6.stage1,163.680664088386,1535.57596111116,3424.72004823635,1000
178,predation.predPrey.sizeRatio.teta.sp7.stage1,27.9557299679416,1393.05493957144,2389.3409112233,1000
179,predation.predPrey.sizeRatio.alpha.sp7.stage1,-26.17559553858,1555.57786087177,2686.39226411427,1000
180,predation.predPrey.sizeRatio.teta.sp8.stage1,-17.7648539534151,1428.23166490431,3218.45704742019,1000
181,predation.predPrey.sizeRatio.alpha.sp8.stage1,-82.8003736844937,1976.8336502923,3478.32545280334,1000
182,predation.predPrey.sizeRatio.teta.sp9.stage1,-196.194756317198,2509.88338288185,3790.22950341949,1000
183,predation.predPrey.sizeRatio.alpha.sp9.stage1,50.6259910879163,2386.72000343537,3603.41358127987,1000
184,predation.predPrey.sizeRatio.teta.sp10.stage1,-135.719515392913,1694.65257418899,4757.67524294866,1000
185,predation.predPrey.sizeRatio.alpha.sp10.stage1,-22.539065885697,3315.0558421265,5128.16232540509,1000
186,predation.predPrey.sizeRatio.teta.sp11.stage1,-243.351632486408,5158.84176028275,8919.44281040162,1000
187,predation.predPrey.sizeRatio.alpha.sp11.stage1,417.817310416689,6562.22024425386,13340.4407946687,1000
188,predation.predPrey.sizeRatio.teta.sp12.stage1,-20.6451836986838,1432.1584983748,2319.1450914719,1000
189,predation.predPrey.sizeRatio.alpha.sp12.stage1,11.944266193608,2278.67609008538,4130.36940049526,1000
190,predation.predPrey.sizeRatio.teta.sp13.stage1,-19.438855015341,1542.63064501652,2778.44117872752,1000
191,predation.predPrey.sizeRatio.alpha.sp13.stage1,411.617494550882,3126.37316039326,4903.95407468826,1000
192,predation.predPrey.sizeRatio.teta.sp14.stage1,-72.9026204214331,1347.9773931299,2459.28949241717,1000
193,predation.predPrey.sizeRatio.alpha.sp14.stage1,61.5988120672174,1560.54459554339,2921.14601012681,1000
194,predation.predPrey.sizeRatio.teta.sp15.stage1,-91.276355034754,1452.87257502422,2761.08162189561,1000
195,predation.predPrey.sizeRatio.alpha.sp15.stage1,-11.2386139044255,1498.13001369767,2998.99263872074,1000
