param_name,mu_star_mean,order
mortality.larva.rate.SQZ,0.0226582088028843,1
mortality.additional.rate.MAC,0.0222296684629608,2
mortality.larva.rate.COD,0.0222034125437387,3
predation.size.ratio.alpha.COD.stage1,0.0222119541424729,4
length2weight.condition.factor.PLE,0.0222316004534459,5
species.catchability.NT.PLE,0.0222850199618828,6
species.catchability.NT.SOL,0.0221132869927873,7
mortality.additional.rate.HOM,0.022127395557479,8
mortality.additional.rate.LYY,0.0220066780870701,9
maturity.size.ratio.PLE,0.0226489120688878,10
length2weight.condition.factor.MUR,0.0228378344866226,11
species.catchability.OT.BIB,0.0224520182737251,12
length2weight.condition.factor.LYY,0.0229103637713007,13
mortality.additional.rate.POD,0.022287437357758,14
predation.size.ratio.teta.PLE.stage1,0.0229186807002502,15
predation.size.ratio.teta.SQZ.stage1,0.0228654966505907,16
mortality.additional.rate.HER,0.0218269093112585,17
maturity.size.ratio.MUR,0.022088521803005,18
predation.size.ratio.teta.RJC.stage1,0.022286194286389,19
length2weight.condition.factor.SOL,0.022251863335325,20
species.catchability.OT.CTC,0.0218874100440106,21
species.catchability.BT.SQZ,0.0222691267378963,22
species.catchability.OT.SOL,0.0222095895446318,23
resource.accessibility2fish.MeZP,0.022200719521881,24
species.catchability.OT.SQZ,0.0222001607052112,25
resource.accessibility2fish.DIA,0.0221302793438868,26
maturity.size.ratio.SOL,0.0219922022764737,27
resource.accessibility2fish.LB,0.0217677607975828,28
maturity.size.ratio.COD,0.0223680044488838,29
vb.growth.l0.SQZ,0.0220165652299723,30
resource.accessibility2fish.MPHY,0.0219105388928941,31
species.catchability.OT.HER,0.0221733891636995,32
species.catchability.OT.PIL,0.0224663614642028,33
length2weight.condition.factor.COD,0.022435540623637,34
species.catchability.BT.CTC,0.0222574565333254,35
species.catchability.OT.MUR,0.0220936383527209,36
vb.growth.l0.CTC,0.0221665883191646,37
mortality.larva.rate.LYY,0.0223002833196202,38
mortality.larva.rate.POD,0.0224315371243924,39
mortality.additional.rate.PLE,0.0223333073313324,40
species.catchability.BT.HOM,0.0221999469567188,41
mortality.additional.rate.MUR,0.0225922370553826,42
mortality.additional.rate.PIL,0.0224943815110626,43
mortality.additional.rate.CTC,0.022326263212498,44
species.catchability.OT.PLE,0.0225460962834829,45
resource.accessibility2fish.HF,0.0225257951694407,46
predation.size.ratio.teta.COD.stage1,0.0224175731446639,47
species.catchability.OT.HOM,0.0224156386465706,48
species.catchability.BT.SOL,0.0227600718790152,49
predation.size.ratio.teta.SOL.stage1,0.0233973066810321,50
vb.growth.k.SOL,0.0231406481123547,51
species.catchability.OT.COD,0.0238773189443062,52
species.catchability.NT.COD,0.0231472319590028,53
vb.growth.l0.COD,0.0224932230789203,54
predation.size.ratio.teta.MUR.stage1,0.0237917411152204,55
species.catchability.BT.MUR,0.0233065812825104,56
species.catchability.OT.WHG,0.0237987378101383,57
length2weight.condition.factor.PIL,0.0229470998425301,58
mortality.larva.rate.HER,0.0228134004006874,59
mortality.additional.rate.SQZ,0.0226351337998569,60
species.catchability.OT.MAC,0.0226759733274386,61
predation.size.ratio.teta.WHG.stage1,0.0235824682538101,62
mortality.larva.rate.MUR,0.0239132364054842,63
predation.size.ratio.teta.MAC.stage1,0.0234143247647395,64
resource.accessibility2fish.MZP,0.0276354438769024,65
species.catchability.MT.PIL,0.0260970440350675,66
vb.growth.k.PIL,0.0278897924800256,67
mortality.larva.rate.PIL,0.0322983456820912,68
predation.size.ratio.alpha.PIL.stage1,0.0391192157570009,69
species.catchability.NT.SYC,0.0256774349062517,70
species.catchability.OT.SYC,0.0249699696756071,71
fleet.catchability.NT,0.0255647096068943,72
resource.accessibility2fish.VLB,0.0242212043391646,73
mortality.additional.rate.SYC,0.0243786928989974,74
predation.size.ratio.teta.SYC.stage1,0.0242024429647576,75
mortality.larva.rate.CTC,0.0243860990637649,76
length2weight.condition.factor.CTC,0.0237892932440113,77
maturity.size.ratio.CTC,0.0233872641505455,78
predation.size.ratio.teta.CTC.stage1,0.0231586519348246,79
maturity.size.ratio.BIB,0.0261630867156739,80
species.catchability.BT.BIB,0.0247917716866409,81
maturity.size.ratio.PIL,0.0240664709940139,82
vb.growth.l0.PIL,0.0240327065447153,83
species.catchability.MT.HOM,0.0239533938442165,84
length2weight.condition.factor.HOM,0.0262560835510694,85
maturity.size.ratio.HOM,0.0238030270026788,86
length2weight.condition.factor.POD,0.0250385997672918,87
maturity.size.ratio.POD,0.0260673283533275,88
predation.size.ratio.teta.HOM.stage1,0.0257806691506274,89
predation.size.ratio.teta.BIB.stage1,0.0243364664123909,90
predation.size.ratio.teta.POD.stage1,0.024543424832797,91
mortality.additional.rate.RJC,0.0250322593488911,92
predation.size.ratio.alpha.RJC.stage1,0.0283169777673722,93
maturity.size.ratio.WHG,0.0273852228511088,94
predation.size.ratio.teta.PIL.stage1,0.0282261136675853,95
species.catchability.BT.PLE,0.0262948195672665,96
mortality.larva.rate.mean.PLE,0.0277795542458926,97
vb.growth.l0.PLE,0.0270860007598743,98
vb.growth.l0.SOL,0.0245888735981792,99
mortality.additional.rate.SOL,0.0265178761704088,100
mortality.larva.rate.mean.SOL,0.0260383982193169,101
vb.growth.linf.SYC,0.351080427573269,102
mortality.larva.rate.SYC,0.281752492402936,103
maturity.size.ratio.SYC,0.299771488841901,104
vb.growth.k.SYC,0.294972178504766,105
mortality.larva.rate.BIB,0.265153934329093,106
vb.growth.linf.BIB,0.253327480669563,107
mortality.larva.rate.WHG,0.259429983239614,108
vb.growth.linf.WHG,0.326970086455203,109
mortality.larva.rate.MAC,0.159532056575374,110
vb.growth.linf.MAC,0.20626837518342,111
maturity.size.ratio.SQZ,0.113225063645988,112
vb.growth.k.SQZ,0.10170608068131,113
vb.growth.linf.SQZ,0.076813156904756,114
vb.growth.linf.POD,0.14139558813963,115
predation.size.ratio.alpha.POD.stage1,0.0637448621921114,116
vb.growth.k.POD,0.0566943271425606,117
mortality.larva.rate.HOM,0.0843242118490689,118
vb.growth.l0.HOM,0.056129739189575,119
predation.size.ratio.alpha.HOM.stage1,0.0654292250072208,120
vb.growth.k.HOM,0.0644689207500395,121
fleet.catchability.MT,0.0447056660042957,122
resource.accessibility2fish.MaZP,0.0499502406012695,123
length2weight.condition.factor.MAC,0.0349565210455568,124
species.catchability.BT.MAC,0.0339384862306918,125
maturity.size.ratio.MAC,0.0467239162578138,126
species.catchability.MT.MAC,0.0404289025667561,127
vb.growth.linf.HOM,0.164042842459178,128
vb.growth.l0.MAC,0.102137889535932,129
predation.size.ratio.alpha.MAC.stage1,0.0549317815549377,130
vb.growth.k.MAC,0.0660466594681866,131
vb.growth.linf.RJC,0.0978727123433418,132
maturity.size.ratio.RJC,0.0857099047368776,133
mortality.larva.rate.RJC,0.0827679790651929,134
species.catchability.BT.RJC,0.0285569103456126,135
fleet.catchability.OT,0.0369746101427562,136
species.catchability.OT.RJC,0.0322813231917994,137
vb.growth.l0.RJC,0.0311488624674862,138
length2weight.condition.factor.RJC,0.0443823279671645,139
vb.growth.k.RJC,0.0593109401873442,140
vb.growth.k.CTC,0.0343639894779865,141
predation.size.ratio.alpha.CTC.stage1,0.0430459385940018,142
vb.growth.linf.CTC,0.0521096539116645,143
predation.size.ratio.alpha.MUR.stage1,0.0407493101485862,144
vb.growth.linf.MUR,0.0563639826838276,145
predation.size.ratio.teta.LYY.stage1,0.0275042137767452,146
resource.accessibility2fish.MB,0.0297101423023757,147
maturity.size.ratio.LYY,0.0250163704337538,148
vb.growth.l0.MUR,0.0276749604485147,149
resource.accessibility2fish.DFB,0.041333883162852,150
vb.growth.k.MUR,0.0332966762814621,151
vb.growth.k.LYY,0.0419850917681947,152
predation.size.ratio.alpha.LYY.stage1,0.0324922023202979,153
vb.growth.l0.LYY,0.0315488815232699,154
predation.size.ratio.alpha.SOL.stage1,0.0405759837273491,155
vb.growth.linf.SOL,0.0410897879645311,156
length2weight.condition.factor.HER,0.0389702925111811,157
predation.size.ratio.teta.HER.stage1,0.028284904686445,158
predation.size.ratio.alpha.HER.stage1,0.0313117413235113,159
species.catchability.MT.HER,0.0294740704660428,160
vb.growth.linf.PIL,0.0735726577083967,161
length2weight.condition.factor.BIB,0.0386873596518568,162
mortality.additional.rate.BIB,0.0358548889535967,163
length2weight.condition.factor.SQZ,0.0375149823739615,164
predation.size.ratio.alpha.SQZ.stage1,0.0520663805658879,165
vb.growth.l0.POD,0.041589063549583,166
vb.growth.linf.LYY,0.0761457533423322,167
vb.growth.linf.PLE,0.0864322083132753,168
predation.size.ratio.alpha.PLE.stage1,0.061745968438323,169
vb.growth.k.PLE,0.0393665040374429,170
predation.size.ratio.alpha.BIB.stage1,0.0883317113012585,171
vb.growth.k.BIB,0.0884923168831718,172
vb.growth.l0.BIB,0.0821747756186331,173
mortality.additional.rate.COD,0.063937662519906,174
predation.size.ratio.teta.COD.stage2,0.0813340493418656,175
vb.growth.k.COD,0.0554484660040379,176
predation.size.ratio.alpha.COD.stage2,0.0487989362142049,177
species.catchability.BT.COD,0.0405299848359783,178
mortality.additional.rate.WHG,0.0376617212677416,179
length2weight.condition.factor.WHG,0.0472909831820843,180
species.catchability.BT.WHG,0.0467030079076546,181
vb.growth.l0.WHG,0.0435015674772809,182
resource.accessibility2fish.SFB,0.0984845034109285,183
predation.size.ratio.alpha.WHG.stage1,0.11544779792616,184
vb.growth.k.WHG,0.104016806692872,185
vb.growth.linf.COD,0.147609631600927,186
length2weight.condition.factor.SYC,0.093789962521819,187
predation.size.ratio.alpha.SYC.stage1,0.110747721530755,188
fleet.catchability.BT,0.100201321058155,189
species.catchability.BT.SYC,0.0719140331074979,190
vb.growth.l0.SYC,0.0703056216481615,191
maturity.size.ratio.HER,0.194069367038671,192
vb.growth.k.HER,0.0888752277732763,193
vb.growth.l0.HER,0.0712356278398188,194
vb.growth.linf.HER,0.0766083902552322,195
