param_name,param_type,param_species,param_label,param_process,param_order
mortality.additional.rate.sp0,Mortality,SYC,mortality.additional.rate.SYC,additional_mortality,1
mortality.additional.rate.sp1,Mortality,MUR,mortality.additional.rate.MUR,additional_mortality,1
mortality.additional.rate.sp2,Mortality,BIB,mortality.additional.rate.BIB,additional_mortality,1
mortality.additional.rate.sp3,Mortality,WHG,mortality.additional.rate.WHG,additional_mortality,1
mortality.additional.rate.sp4,Mortality,POD,mortality.additional.rate.POD,additional_mortality,1
mortality.additional.rate.sp5,Mortality,COD,mortality.additional.rate.COD,additional_mortality,1
mortality.additional.rate.sp6,Mortality,LYY,mortality.additional.rate.LYY,additional_mortality,1
mortality.additional.rate.sp7,Mortality,SOL,mortality.additional.rate.SOL,additional_mortality,1
mortality.additional.rate.sp8,Mortality,PLE,mortality.additional.rate.PLE,additional_mortality,1
mortality.additional.rate.sp9,Mortality,HOM,mortality.additional.rate.HOM,additional_mortality,1
mortality.additional.rate.sp10,Mortality,MAC,mortality.additional.rate.MAC,additional_mortality,1
mortality.additional.rate.sp11,Mortality,HER,mortality.additional.rate.HER,additional_mortality,1
mortality.additional.rate.sp12,Mortality,PIL,mortality.additional.rate.PIL,additional_mortality,1
mortality.additional.rate.sp13,Mortality,SQZ,mortality.additional.rate.SQZ,additional_mortality,1
mortality.additional.rate.sp14,Mortality,CTC,mortality.additional.rate.CTC,additional_mortality,1
mortality.additional.rate.sp15,Mortality,RJC,mortality.additional.rate.RJC,additional_mortality,1
fisheries.rate.base.fsh0,Fisheries,fleet,fleet.catchability.BT,fleet_catchability,1
fisheries.rate.base.fsh1,Fisheries,fleet,fleet.catchability.MT,fleet_catchability,1
fisheries.rate.base.fsh2,Fisheries,fleet,fleet.catchability.NT,fleet_catchability,1
fisheries.rate.base.fsh3,Fisheries,fleet,fleet.catchability.OT,fleet_catchability,1
species.catchability.fsh0.sp0,Fisheries,SYC,species.catchability.BT.SYC,species_catchability,2
species.catchability.fsh0.sp1,Fisheries,MUR,species.catchability.BT.MUR,species_catchability,2
species.catchability.fsh0.sp2,Fisheries,BIB,species.catchability.BT.BIB,species_catchability,2
species.catchability.fsh0.sp3,Fisheries,WHG,species.catchability.BT.WHG,species_catchability,2
species.catchability.fsh0.sp5,Fisheries,COD,species.catchability.BT.COD,species_catchability,2
species.catchability.fsh0.sp7,Fisheries,SOL,species.catchability.BT.SOL,species_catchability,2
species.catchability.fsh0.sp8,Fisheries,PLE,species.catchability.BT.PLE,species_catchability,2
species.catchability.fsh0.sp9,Fisheries,HOM,species.catchability.BT.HOM,species_catchability,2
species.catchability.fsh0.sp10,Fisheries,MAC,species.catchability.BT.MAC,species_catchability,2
species.catchability.fsh0.sp13,Fisheries,SQZ,species.catchability.BT.SQZ,species_catchability,2
species.catchability.fsh0.sp14,Fisheries,CTC,species.catchability.BT.CTC,species_catchability,2
species.catchability.fsh0.sp15,Fisheries,RJC,species.catchability.BT.RJC,species_catchability,2
species.catchability.fsh1.sp9,Fisheries,HOM,species.catchability.MT.HOM,species_catchability,2
species.catchability.fsh1.sp10,Fisheries,MAC,species.catchability.MT.MAC,species_catchability,2
species.catchability.fsh1.sp11,Fisheries,HER,species.catchability.MT.HER,species_catchability,2
species.catchability.fsh1.sp12,Fisheries,PIL,species.catchability.MT.PIL,species_catchability,2
species.catchability.fsh2.sp0,Fisheries,SYC,species.catchability.NT.SYC,species_catchability,2
species.catchability.fsh2.sp5,Fisheries,COD,species.catchability.NT.COD,species_catchability,2
species.catchability.fsh2.sp7,Fisheries,SOL,species.catchability.NT.SOL,species_catchability,2
species.catchability.fsh2.sp8,Fisheries,PLE,species.catchability.NT.PLE,species_catchability,2
species.catchability.fsh3.sp0,Fisheries,SYC,species.catchability.OT.SYC,species_catchability,2
species.catchability.fsh3.sp1,Fisheries,MUR,species.catchability.OT.MUR,species_catchability,2
species.catchability.fsh3.sp2,Fisheries,BIB,species.catchability.OT.BIB,species_catchability,2
species.catchability.fsh3.sp3,Fisheries,WHG,species.catchability.OT.WHG,species_catchability,2
species.catchability.fsh3.sp5,Fisheries,COD,species.catchability.OT.COD,species_catchability,2
species.catchability.fsh3.sp7,Fisheries,SOL,species.catchability.OT.SOL,species_catchability,2
species.catchability.fsh3.sp8,Fisheries,PLE,species.catchability.OT.PLE,species_catchability,2
species.catchability.fsh3.sp9,Fisheries,HOM,species.catchability.OT.HOM,species_catchability,2
species.catchability.fsh3.sp10,Fisheries,MAC,species.catchability.OT.MAC,species_catchability,2
species.catchability.fsh3.sp11,Fisheries,HER,species.catchability.OT.HER,species_catchability,2
species.catchability.fsh3.sp12,Fisheries,PIL,species.catchability.OT.PIL,species_catchability,2
species.catchability.fsh3.sp13,Fisheries,SQZ,species.catchability.OT.SQZ,species_catchability,2
species.catchability.fsh3.sp14,Fisheries,CTC,species.catchability.OT.CTC,species_catchability,2
species.catchability.fsh3.sp15,Fisheries,RJC,species.catchability.OT.RJC,species_catchability,2
species.length2weight.condition.factor.sp0,Growth,SYC,length2weight.condition.factor.SYC,allometric_growth,1
species.length2weight.condition.factor.sp1,Growth,MUR,length2weight.condition.factor.MUR,allometric_growth,1
species.length2weight.condition.factor.sp2,Growth,BIB,length2weight.condition.factor.BIB,allometric_growth,1
species.length2weight.condition.factor.sp3,Growth,WHG,length2weight.condition.factor.WHG,allometric_growth,1
species.length2weight.condition.factor.sp4,Growth,POD,length2weight.condition.factor.POD,allometric_growth,1
species.length2weight.condition.factor.sp5,Growth,COD,length2weight.condition.factor.COD,allometric_growth,1
species.length2weight.condition.factor.sp6,Growth,LYY,length2weight.condition.factor.LYY,allometric_growth,1
species.length2weight.condition.factor.sp7,Growth,SOL,length2weight.condition.factor.SOL,allometric_growth,1
species.length2weight.condition.factor.sp8,Growth,PLE,length2weight.condition.factor.PLE,allometric_growth,1
species.length2weight.condition.factor.sp9,Growth,HOM,length2weight.condition.factor.HOM,allometric_growth,1
species.length2weight.condition.factor.sp10,Growth,MAC,length2weight.condition.factor.MAC,allometric_growth,1
species.length2weight.condition.factor.sp11,Growth,HER,length2weight.condition.factor.HER,allometric_growth,1
species.length2weight.condition.factor.sp12,Growth,PIL,length2weight.condition.factor.PIL,allometric_growth,1
species.length2weight.condition.factor.sp13,Growth,SQZ,length2weight.condition.factor.SQZ,allometric_growth,1
species.length2weight.condition.factor.sp14,Growth,CTC,length2weight.condition.factor.CTC,allometric_growth,1
species.length2weight.condition.factor.sp15,Growth,RJC,length2weight.condition.factor.RJC,allometric_growth,1
species.k.sp0,Growth,SYC,vb.growth.k.SYC,vb_growth_k,2
species.k.sp1,Growth,MUR,vb.growth.k.MUR,vb_growth_k,2
species.k.sp2,Growth,BIB,vb.growth.k.BIB,vb_growth_k,2
species.k.sp3,Growth,WHG,vb.growth.k.WHG,vb_growth_k,2
species.k.sp4,Growth,POD,vb.growth.k.POD,vb_growth_k,2
species.k.sp5,Growth,COD,vb.growth.k.COD,vb_growth_k,2
species.k.sp6,Growth,LYY,vb.growth.k.LYY,vb_growth_k,2
species.k.sp7,Growth,SOL,vb.growth.k.SOL,vb_growth_k,2
species.k.sp8,Growth,PLE,vb.growth.k.PLE,vb_growth_k,2
species.k.sp9,Growth,HOM,vb.growth.k.HOM,vb_growth_k,2
species.k.sp10,Growth,MAC,vb.growth.k.MAC,vb_growth_k,2
species.k.sp11,Growth,HER,vb.growth.k.HER,vb_growth_k,2
species.k.sp12,Growth,PIL,vb.growth.k.PIL,vb_growth_k,2
species.k.sp13,Growth,SQZ,vb.growth.k.SQZ,vb_growth_k,2
species.k.sp14,Growth,CTC,vb.growth.k.CTC,vb_growth_k,2
species.k.sp15,Growth,RJC,vb.growth.k.RJC,vb_growth_k,2
species.l0.sp0,Growth,SYC,vb.growth.l0.SYC,vb_growth_l0,3
species.l0.sp1,Growth,MUR,vb.growth.l0.MUR,vb_growth_l0,3
species.l0.sp2,Growth,BIB,vb.growth.l0.BIB,vb_growth_l0,3
species.l0.sp3,Growth,WHG,vb.growth.l0.WHG,vb_growth_l0,3
species.l0.sp4,Growth,POD,vb.growth.l0.POD,vb_growth_l0,3
species.l0.sp5,Growth,COD,vb.growth.l0.COD,vb_growth_l0,3
species.l0.sp6,Growth,LYY,vb.growth.l0.LYY,vb_growth_l0,3
species.l0.sp7,Growth,SOL,vb.growth.l0.SOL,vb_growth_l0,3
species.l0.sp8,Growth,PLE,vb.growth.l0.PLE,vb_growth_l0,3
species.l0.sp9,Growth,HOM,vb.growth.l0.HOM,vb_growth_l0,3
species.l0.sp10,Growth,MAC,vb.growth.l0.MAC,vb_growth_l0,3
species.l0.sp11,Growth,HER,vb.growth.l0.HER,vb_growth_l0,3
species.l0.sp12,Growth,PIL,vb.growth.l0.PIL,vb_growth_l0,3
species.l0.sp13,Growth,SQZ,vb.growth.l0.SQZ,vb_growth_l0,3
species.l0.sp14,Growth,CTC,vb.growth.l0.CTC,vb_growth_l0,3
species.l0.sp15,Growth,RJC,vb.growth.l0.RJC,vb_growth_l0,3
mortality.additional.larva.rate.sp0,Mortality,SYC,mortality.larva.rate.SYC,larval_mortality,2
mortality.additional.larva.rate.sp1,Mortality,MUR,mortality.larva.rate.MUR,larval_mortality,2
mortality.additional.larva.rate.sp2,Mortality,BIB,mortality.larva.rate.BIB,larval_mortality,2
mortality.additional.larva.rate.sp3,Mortality,WHG,mortality.larva.rate.WHG,larval_mortality,2
mortality.additional.larva.rate.sp4,Mortality,POD,mortality.larva.rate.POD,larval_mortality,2
mortality.additional.larva.rate.sp5,Mortality,COD,mortality.larva.rate.COD,larval_mortality,2
mortality.additional.larva.rate.sp6,Mortality,LYY,mortality.larva.rate.LYY,larval_mortality,2
mortality.additional.larva.rate.sp9,Mortality,HOM,mortality.larva.rate.HOM,larval_mortality,2
mortality.additional.larva.rate.sp10,Mortality,MAC,mortality.larva.rate.MAC,larval_mortality,2
mortality.additional.larva.rate.sp11,Mortality,HER,mortality.larva.rate.HER,larval_mortality,2
mortality.additional.larva.rate.sp12,Mortality,PIL,mortality.larva.rate.PIL,larval_mortality,2
mortality.additional.larva.rate.sp13,Mortality,SQZ,mortality.larva.rate.SQZ,larval_mortality,2
mortality.additional.larva.rate.sp14,Mortality,CTC,mortality.larva.rate.CTC,larval_mortality,2
mortality.additional.larva.rate.sp15,Mortality,RJC,mortality.larva.rate.RJC,larval_mortality,2
mortality.additional.larva.rate.mean.sp7,Mortality,SOL,mortality.larva.rate.mean.SOL,larval_mortality,2
mortality.additional.larva.rate.mean.sp8,Mortality,PLE,mortality.larva.rate.mean.PLE,larval_mortality,2
species.linf.sp0,Growth,SYC,vb.growth.linf.SYC,vb_growth_linf,4
species.linf.sp1,Growth,MUR,vb.growth.linf.MUR,vb_growth_linf,4
species.linf.sp2,Growth,BIB,vb.growth.linf.BIB,vb_growth_linf,4
species.linf.sp3,Growth,WHG,vb.growth.linf.WHG,vb_growth_linf,4
species.linf.sp4,Growth,POD,vb.growth.linf.POD,vb_growth_linf,4
species.linf.sp5,Growth,COD,vb.growth.linf.COD,vb_growth_linf,4
species.linf.sp6,Growth,LYY,vb.growth.linf.LYY,vb_growth_linf,4
species.linf.sp7,Growth,SOL,vb.growth.linf.SOL,vb_growth_linf,4
species.linf.sp8,Growth,PLE,vb.growth.linf.PLE,vb_growth_linf,4
species.linf.sp9,Growth,HOM,vb.growth.linf.HOM,vb_growth_linf,4
species.linf.sp10,Growth,MAC,vb.growth.linf.MAC,vb_growth_linf,4
species.linf.sp11,Growth,HER,vb.growth.linf.HER,vb_growth_linf,4
species.linf.sp12,Growth,PIL,vb.growth.linf.PIL,vb_growth_linf,4
species.linf.sp13,Growth,SQZ,vb.growth.linf.SQZ,vb_growth_linf,4
species.linf.sp14,Growth,CTC,vb.growth.linf.CTC,vb_growth_linf,4
species.linf.sp15,Growth,RJC,vb.growth.linf.RJC,vb_growth_linf,4
species.accessibility2fish.sp16,PreyField,resource,resource.accessibility2fish.DIA,prey_field,1
species.accessibility2fish.sp17,PreyField,resource,resource.accessibility2fish.MPHY,prey_field,1
species.accessibility2fish.sp18,PreyField,resource,resource.accessibility2fish.HF,prey_field,1
species.accessibility2fish.sp19,PreyField,resource,resource.accessibility2fish.MZP,prey_field,1
species.accessibility2fish.sp20,PreyField,resource,resource.accessibility2fish.MeZP,prey_field,1
species.accessibility2fish.sp21,PreyField,resource,resource.accessibility2fish.MaZP,prey_field,1
species.accessibility2fish.sp22,PreyField,resource,resource.accessibility2fish.MB,prey_field,1
species.accessibility2fish.sp23,PreyField,resource,resource.accessibility2fish.DFB,prey_field,1
species.accessibility2fish.sp24,PreyField,resource,resource.accessibility2fish.SFB,prey_field,1
species.accessibility2fish.sp25,PreyField,resource,resource.accessibility2fish.LB,prey_field,1
species.accessibility2fish.sp26,PreyField,resource,resource.accessibility2fish.VLB,prey_field,1
species.maturity.size.ratio.sp0,Growth,SYC,maturity.size.ratio.SYC,maturity_size,5
species.maturity.size.ratio.sp1,Growth,MUR,maturity.size.ratio.MUR,maturity_size,5
species.maturity.size.ratio.sp2,Growth,BIB,maturity.size.ratio.BIB,maturity_size,5
species.maturity.size.ratio.sp3,Growth,WHG,maturity.size.ratio.WHG,maturity_size,5
species.maturity.size.ratio.sp4,Growth,POD,maturity.size.ratio.POD,maturity_size,5
species.maturity.size.ratio.sp5,Growth,COD,maturity.size.ratio.COD,maturity_size,5
species.maturity.size.ratio.sp6,Growth,LYY,maturity.size.ratio.LYY,maturity_size,5
species.maturity.size.ratio.sp7,Growth,SOL,maturity.size.ratio.SOL,maturity_size,5
species.maturity.size.ratio.sp8,Growth,PLE,maturity.size.ratio.PLE,maturity_size,5
species.maturity.size.ratio.sp9,Growth,HOM,maturity.size.ratio.HOM,maturity_size,5
species.maturity.size.ratio.sp10,Growth,MAC,maturity.size.ratio.MAC,maturity_size,5
species.maturity.size.ratio.sp11,Growth,HER,maturity.size.ratio.HER,maturity_size,5
species.maturity.size.ratio.sp12,Growth,PIL,maturity.size.ratio.PIL,maturity_size,5
species.maturity.size.ratio.sp13,Growth,SQZ,maturity.size.ratio.SQZ,maturity_size,5
species.maturity.size.ratio.sp14,Growth,CTC,maturity.size.ratio.CTC,maturity_size,5
species.maturity.size.ratio.sp15,Growth,RJC,maturity.size.ratio.RJC,maturity_size,5
predation.predPrey.sizeRatio.teta.sp0.stage1,Predation,SYC,predation.size.ratio.teta.SYC.stage1,predation_teta,1
predation.predPrey.sizeRatio.alpha.sp0.stage1,Predation,SYC,predation.size.ratio.alpha.SYC.stage1,predation_alpha,2
predation.predPrey.sizeRatio.teta.sp1.stage1,Predation,MUR,predation.size.ratio.teta.MUR.stage1,predation_teta,1
predation.predPrey.sizeRatio.alpha.sp1.stage1,Predation,MUR,predation.size.ratio.alpha.MUR.stage1,predation_alpha,2
predation.predPrey.sizeRatio.teta.sp2.stage1,Predation,BIB,predation.size.ratio.teta.BIB.stage1,predation_teta,1
predation.predPrey.sizeRatio.alpha.sp2.stage1,Predation,BIB,predation.size.ratio.alpha.BIB.stage1,predation_alpha,2
predation.predPrey.sizeRatio.teta.sp3.stage1,Predation,WHG,predation.size.ratio.teta.WHG.stage1,predation_teta,1
predation.predPrey.sizeRatio.alpha.sp3.stage1,Predation,WHG,predation.size.ratio.alpha.WHG.stage1,predation_alpha,2
predation.predPrey.sizeRatio.teta.sp4.stage1,Predation,POD,predation.size.ratio.teta.POD.stage1,predation_teta,1
predation.predPrey.sizeRatio.alpha.sp4.stage1,Predation,POD,predation.size.ratio.alpha.POD.stage1,predation_alpha,2
predation.predPrey.sizeRatio.teta.sp5.stage1,Predation,COD,predation.size.ratio.teta.COD.stage1,predation_teta,1
predation.predPrey.sizeRatio.teta.sp5.stage2,Predation,COD,predation.size.ratio.teta.COD.stage2,predation_teta,1
predation.predPrey.sizeRatio.alpha.sp5.stage1,Predation,COD,predation.size.ratio.alpha.COD.stage1,predation_alpha,2
predation.predPrey.sizeRatio.alpha.sp5.stage2,Predation,COD,predation.size.ratio.alpha.COD.stage2,predation_alpha,2
predation.predPrey.sizeRatio.teta.sp6.stage1,Predation,LYY,predation.size.ratio.teta.LYY.stage1,predation_teta,1
predation.predPrey.sizeRatio.alpha.sp6.stage1,Predation,LYY,predation.size.ratio.alpha.LYY.stage1,predation_alpha,2
predation.predPrey.sizeRatio.teta.sp7.stage1,Predation,SOL,predation.size.ratio.teta.SOL.stage1,predation_teta,1
predation.predPrey.sizeRatio.alpha.sp7.stage1,Predation,SOL,predation.size.ratio.alpha.SOL.stage1,predation_alpha,2
predation.predPrey.sizeRatio.teta.sp8.stage1,Predation,PLE,predation.size.ratio.teta.PLE.stage1,predation_teta,1
predation.predPrey.sizeRatio.alpha.sp8.stage1,Predation,PLE,predation.size.ratio.alpha.PLE.stage1,predation_alpha,2
predation.predPrey.sizeRatio.teta.sp9.stage1,Predation,HOM,predation.size.ratio.teta.HOM.stage1,predation_teta,1
predation.predPrey.sizeRatio.alpha.sp9.stage1,Predation,HOM,predation.size.ratio.alpha.HOM.stage1,predation_alpha,2
predation.predPrey.sizeRatio.teta.sp10.stage1,Predation,MAC,predation.size.ratio.teta.MAC.stage1,predation_teta,1
predation.predPrey.sizeRatio.alpha.sp10.stage1,Predation,MAC,predation.size.ratio.alpha.MAC.stage1,predation_alpha,2
predation.predPrey.sizeRatio.teta.sp11.stage1,Predation,HER,predation.size.ratio.teta.HER.stage1,predation_teta,1
predation.predPrey.sizeRatio.alpha.sp11.stage1,Predation,HER,predation.size.ratio.alpha.HER.stage1,predation_alpha,2
predation.predPrey.sizeRatio.teta.sp12.stage1,Predation,PIL,predation.size.ratio.teta.PIL.stage1,predation_teta,1
predation.predPrey.sizeRatio.alpha.sp12.stage1,Predation,PIL,predation.size.ratio.alpha.PIL.stage1,predation_alpha,2
predation.predPrey.sizeRatio.teta.sp13.stage1,Predation,SQZ,predation.size.ratio.teta.SQZ.stage1,predation_teta,1
predation.predPrey.sizeRatio.alpha.sp13.stage1,Predation,SQZ,predation.size.ratio.alpha.SQZ.stage1,predation_alpha,2
predation.predPrey.sizeRatio.teta.sp14.stage1,Predation,CTC,predation.size.ratio.teta.CTC.stage1,predation_teta,1
predation.predPrey.sizeRatio.alpha.sp14.stage1,Predation,CTC,predation.size.ratio.alpha.CTC.stage1,predation_alpha,2
predation.predPrey.sizeRatio.teta.sp15.stage1,Predation,RJC,predation.size.ratio.teta.RJC.stage1,predation_teta,1
predation.predPrey.sizeRatio.alpha.sp15.stage1,Predation,RJC,predation.size.ratio.alpha.RJC.stage1,predation_alpha,2
