param_name,sp0_mean_TL,sp1_mean_TL,sp2_mean_TL,sp3_mean_TL,sp4_mean_TL,sp5_mean_TL,sp6_mean_TL,sp7_mean_TL,sp8_mean_TL,sp9_mean_TL,sp10_mean_TL,sp11_mean_TL,sp12_mean_TL,sp13_mean_TL,sp14_mean_TL,sp15_mean_TL
mortality.additional.rate.sp0,0,0,0,0,0,0,0,0,0,0,0,0,0,1,0,0
mortality.additional.rate.sp1,0,0,0,0,0,0,0,0,0,0,0,0,0,0,0,0
mortality.additional.rate.sp2,0,0,0,0,0,0,0,0,0,0,0,0,0,1,0,0
mortality.additional.rate.sp3,0,0,0,0,0,0,0,0,0,0,0,0,0,1,0,0
mortality.additional.rate.sp4,0,0,0,0,0,0,0,0,0,0,0,0,0,0,0,0
mortality.additional.rate.sp5,0,0,0,0,0,0,0,0,0,0,0,0,0,0,0,0
mortality.additional.rate.sp6,0,0,0,0,0,0,0,0,0,0,0,0,0,1,0,0
mortality.additional.rate.sp7,0,0,0,0,0,0,0,0,0,0,0,0,0,0,0,0
mortality.additional.rate.sp8,0,0,0,0,0,0,0,0,0,0,0,0,0,0,0,0
mortality.additional.rate.sp9,0,0,0,0,0,0,0,0,0,0,0,0,0,0,0,0
mortality.additional.rate.sp10,0,0,0,0,0,0,0,0,0,0,0,0,0,0,0,0
mortality.additional.rate.sp11,0,0,0,0,0,0,0,0,0,0,0,0,0,0,0,0
mortality.additional.rate.sp12,0,0,0,0,0,0,0,0,0,0,0,0,0,0,0,0
mortality.additional.rate.sp13,0,0,0,0,0,0,0,0,0,0,0,0,0,0,0,0
mortality.additional.rate.sp14,0,0,0,0,0,0,0,0,0,0,0,0,0,0,0,0
mortality.additional.rate.sp15,0,0,0,0,0,0,0,0,0,0,0,0,0,1,0,0
species.catchability.fsh0.sp0,0,0,0,0,0,0,0,0,0,0,0,0,0,1,0,0
species.catchability.fsh0.sp1,0,0,0,0,0,0,0,0,0,0,0,0,0,1,0,0
species.catchability.fsh0.sp2,0,0,0,0,0,0,0,0,0,0,0,0,0,0,0,0
species.catchability.fsh0.sp3,0,0,0,0,0,0,0,0,0,0,0,0,0,0,0,0
species.catchability.fsh0.sp5,0,0,0,0,0,0,0,0,0,0,0,0,0,0,0,0
species.catchability.fsh0.sp7,0,0,0,0,0,0,0,0,0,0,0,0,0,0,0,0
species.catchability.fsh0.sp8,0,0,0,0,0,0,0,0,0,0,0,0,0,0,0,0
species.catchability.fsh0.sp9,0,0,0,0,0,0,0,0,0,0,0,0,0,0,0,0
species.catchability.fsh0.sp10,0,0,0,0,0,0,0,0,0,0,0,0,0,0,0,0
species.catchability.fsh0.sp13,0,0,0,0,0,0,0,0,0,0,0,0,0,0,0,0
species.catchability.fsh0.sp14,0,0,0,0,0,0,0,0,0,0,0,0,0,0,0,0
species.catchability.fsh0.sp15,0,0,0,0,0,0,0,0,0,0,0,0,0,0,0,0
species.catchability.fsh1.sp9,0,0,0,0,0,0,0,0,0,0,0,0,0,0,0,0
species.catchability.fsh1.sp10,0,0,0,0,0,0,0,0,0,0,0,0,0,0,0,0
species.catchability.fsh1.sp11,0,0,0,0,0,0,0,0,0,0,0,0,0,0,0,0
species.catchability.fsh1.sp12,0,0,0,0,0,0,0,0,0,0,0,0,0,0,0,0
species.catchability.fsh2.sp0,0,0,0,0,0,0,0,0,0,0,0,0,0,1,0,0
species.catchability.fsh2.sp5,0,0,0,0,0,0,0,0,0,0,0,0,0,1,0,0
species.catchability.fsh2.sp7,0,0,0,0,0,0,0,0,0,0,0,0,0,0,0,0
species.catchability.fsh2.sp8,0,0,0,0,0,0,0,0,0,0,0,0,0,1,0,0
species.catchability.fsh3.sp0,0,0,0,0,0,0,0,0,0,0,0,0,0,0,0,0
species.catchability.fsh3.sp1,0,0,0,0,0,0,0,0,0,0,0,0,0,0,0,0
species.catchability.fsh3.sp2,0,0,0,0,0,0,0,0,0,0,0,0,0,0,0,0
species.catchability.fsh3.sp3,0,0,0,0,0,0,0,0,0,0,0,0,0,0,0,0
species.catchability.fsh3.sp5,0,0,0,0,0,0,0,0,0,0,0,0,0,1,0,0
species.catchability.fsh3.sp7,0,0,0,0,0,0,0,0,0,0,0,0,0,0,0,0
species.catchability.fsh3.sp8,0,0,0,0,0,0,0,0,0,0,0,0,0,0,0,0
species.catchability.fsh3.sp9,0,0,0,0,0,0,0,0,0,0,0,0,0,0,0,0
species.catchability.fsh3.sp10,0,0,0,0,0,0,0,0,0,0,0,0,0,0,0,0
species.catchability.fsh3.sp11,0,0,0,0,0,0,0,0,0,0,0,0,0,0,0,0
species.catchability.fsh3.sp12,0,0,0,0,0,0,0,0,0,0,0,0,0,1,0,0
species.catchability.fsh3.sp13,0,0,0,0,0,0,0,0,0,0,0,0,0,1,0,0
species.catchability.fsh3.sp14,0,0,0,0,0,0,0,0,0,0,0,0,0,0,0,0
species.catchability.fsh3.sp15,0,0,0,0,0,0,0,0,0,0,0,0,0,0,0,0
species.length2weight.condition.factor.sp0,1,0,0,0,0,0,0,0,0,0,0,0,0,0,0,0
species.length2weight.condition.factor.sp1,0,0,0,0,0,0,0,0,0,0,0,0,0,0,0,0
species.length2weight.condition.factor.sp2,0,0,0,0,0,0,0,0,0,0,0,0,0,0,0,0
species.length2weight.condition.factor.sp3,0,0,0,1,0,0,0,0,0,0,0,0,0,1,0,0
species.length2weight.condition.factor.sp4,0,0,0,0,0,0,0,0,0,0,0,0,0,1,0,0
species.length2weight.condition.factor.sp5,0,0,0,0,0,0,0,0,0,0,0,0,0,0,0,0
species.length2weight.condition.factor.sp6,0,0,0,0,0,0,0,0,0,0,0,0,0,0,0,0
species.length2weight.condition.factor.sp7,0,0,0,0,0,0,0,0,0,0,0,0,0,0,0,0
species.length2weight.condition.factor.sp8,0,0,0,0,0,0,0,0,0,0,0,0,0,1,0,0
species.length2weight.condition.factor.sp9,0,0,0,0,0,0,0,0,0,0,0,0,0,0,0,0
species.length2weight.condition.factor.sp10,0,0,0,0,0,0,0,0,0,0,0,0,0,0,0,0
species.length2weight.condition.factor.sp11,0,0,0,0,0,0,0,0,0,0,0,0,0,0,0,0
species.length2weight.condition.factor.sp12,0,0,0,0,0,0,0,0,0,0,0,0,0,0,0,0
species.length2weight.condition.factor.sp13,0,0,0,0,0,0,0,0,0,0,0,0,0,0,0,0
species.length2weight.condition.factor.sp14,0,0,0,0,0,0,0,0,0,0,0,0,0,1,0,0
species.length2weight.condition.factor.sp15,0,0,0,0,0,0,0,0,0,0,0,0,0,1,0,0
species.k.sp0,1,0,0,0,0,0,0,0,0,1,0,0,0,1,0,0
species.k.sp1,0,0,0,0,0,0,0,0,0,0,0,0,0,0,0,0
species.k.sp2,0,0,0,0,0,0,0,0,0,0,0,0,0,1,0,0
species.k.sp3,0,0,0,1,0,0,0,0,0,0,0,0,0,1,0,0
species.k.sp4,1,0,0,0,0,0,0,0,0,1,1,0,0,1,0,0
species.k.sp5,0,0,0,0,0,0,0,0,0,0,0,0,0,0,0,0
species.k.sp6,0,0,0,0,0,0,0,0,0,0,0,0,0,0,0,0
species.k.sp7,0,0,0,0,0,0,0,0,0,0,0,0,0,0,0,0
species.k.sp8,0,0,0,0,0,0,0,0,0,0,0,0,0,0,0,0
species.k.sp9,0,0,0,0,0,0,0,0,0,0,0,0,0,1,0,0
species.k.sp10,0,0,0,0,0,0,0,0,0,0,0,0,0,0,0,0
species.k.sp11,0,0,0,0,0,0,0,0,0,0,0,0,0,1,0,0
species.k.sp12,0,0,0,0,0,0,0,0,0,0,0,0,0,0,0,0
species.k.sp13,0,0,0,0,0,0,0,0,0,1,1,0,0,1,0,0
species.k.sp14,0,0,0,0,0,0,0,0,0,0,0,0,0,0,1,0
species.k.sp15,0,0,0,0,0,0,0,0,0,0,0,0,0,1,0,0
species.l0.sp0,0,0,0,0,0,0,0,0,0,0,0,0,0,0,0,0
species.l0.sp1,0,0,0,0,0,0,0,0,0,0,0,0,0,0,0,0
species.l0.sp2,0,0,0,0,0,0,0,0,0,0,0,0,0,0,0,0
species.l0.sp3,0,0,0,1,0,0,0,0,0,0,0,0,0,0,0,0
species.l0.sp4,1,0,0,0,0,0,0,0,0,1,1,0,0,1,0,0
species.l0.sp5,0,0,0,0,0,0,0,0,0,0,0,0,0,0,0,0
species.l0.sp6,0,0,0,0,0,0,0,0,0,0,0,0,0,1,0,0
species.l0.sp7,0,0,0,0,0,0,0,0,0,0,0,0,0,0,0,0
species.l0.sp8,0,0,0,0,0,0,0,0,0,0,0,0,0,0,0,0
species.l0.sp9,0,0,0,0,0,0,0,0,0,1,0,0,0,0,0,0
species.l0.sp10,0,0,0,0,0,0,0,0,0,0,1,0,0,0,0,0
species.l0.sp11,0,0,0,0,0,0,0,0,0,0,0,0,0,0,0,0
species.l0.sp12,0,0,0,0,0,0,0,0,0,0,0,0,0,0,0,0
species.l0.sp13,0,0,0,0,0,0,0,0,0,0,0,0,0,0,0,0
species.l0.sp14,0,0,0,0,0,0,0,0,0,0,0,0,0,0,0,0
species.l0.sp15,0,0,0,0,0,0,0,0,0,0,0,0,0,0,0,0
mortality.additional.larva.rate.sp0,1,0,0,0,0,0,0,0,0,1,0,0,0,1,0,0
mortality.additional.larva.rate.sp1,0,0,0,0,0,0,0,0,0,0,0,0,0,0,0,0
mortality.additional.larva.rate.sp2,1,0,1,0,0,1,0,0,0,0,0,0,0,1,1,0
mortality.additional.larva.rate.sp3,1,0,0,1,0,1,0,0,0,0,1,0,0,1,0,0
mortality.additional.larva.rate.sp4,0,0,0,0,0,0,0,0,0,0,0,0,0,1,0,0
mortality.additional.larva.rate.sp5,0,0,0,0,0,0,0,0,0,0,0,0,0,0,0,0
mortality.additional.larva.rate.sp6,0,0,0,0,0,0,0,0,0,0,0,0,0,0,0,0
mortality.additional.larva.rate.sp9,0,0,0,0,0,0,0,0,0,1,0,0,0,1,0,0
mortality.additional.larva.rate.sp10,0,0,0,0,0,0,0,0,0,0,1,0,0,0,0,0
mortality.additional.larva.rate.sp11,0,0,0,0,0,0,0,0,0,0,0,0,0,0,0,0
mortality.additional.larva.rate.sp12,0,0,0,0,0,0,0,0,0,0,0,0,0,1,0,0
mortality.additional.larva.rate.sp13,0,0,0,0,0,0,0,0,0,0,0,0,0,0,0,0
mortality.additional.larva.rate.sp14,0,0,0,0,0,0,0,0,0,0,0,0,0,1,0,0
mortality.additional.larva.rate.sp15,0,0,0,0,0,0,0,0,0,0,0,0,0,1,0,1
mortality.additional.larva.rate.mean.sp7,0,0,0,0,0,0,0,0,0,0,0,0,0,0,0,0
mortality.additional.larva.rate.mean.sp8,0,0,0,0,0,0,0,0,0,0,0,0,0,0,0,0
species.linf.sp0,1,0,0,0,0,0,0,0,0,1,0,0,0,1,0,0
species.linf.sp1,0,1,0,0,0,0,0,0,0,0,0,0,0,0,0,0
species.linf.sp2,1,0,1,0,0,1,0,0,0,1,0,0,0,1,0,0
species.linf.sp3,1,1,0,1,0,1,0,0,0,0,1,0,0,1,0,0
species.linf.sp4,1,0,1,1,1,1,0,0,0,1,1,0,0,1,1,1
species.linf.sp5,1,0,0,0,0,1,0,0,0,0,0,0,0,1,0,0
species.linf.sp6,0,0,0,0,0,0,1,0,0,0,0,0,0,0,0,0
species.linf.sp7,0,0,0,0,0,0,0,1,0,0,0,0,0,0,0,0
species.linf.sp8,0,0,0,0,0,0,0,0,0,0,0,0,0,0,0,0
species.linf.sp9,1,0,0,0,0,0,0,0,0,1,0,0,0,1,0,0
species.linf.sp10,0,0,0,1,0,0,0,0,0,0,0,0,0,1,0,0
species.linf.sp11,0,0,0,0,0,0,0,0,0,0,0,0,0,1,0,0
species.linf.sp12,0,0,0,0,0,0,0,0,0,0,0,0,0,0,0,0
species.linf.sp13,0,0,0,0,0,0,0,0,0,0,0,0,0,1,0,0
species.linf.sp14,0,0,0,0,0,0,0,0,0,0,0,0,0,0,1,0
species.linf.sp15,0,0,0,0,0,0,0,0,0,0,0,0,0,0,0,1
species.maturity.size.ratio.sp0,1,0,0,0,0,0,0,0,0,1,0,0,0,1,0,0
species.maturity.size.ratio.sp1,0,0,0,0,0,0,0,0,0,0,0,0,0,0,0,0
species.maturity.size.ratio.sp2,0,0,0,0,0,0,0,0,0,0,0,0,0,0,0,0
species.maturity.size.ratio.sp3,0,0,0,0,0,0,0,0,0,0,0,0,0,0,0,0
species.maturity.size.ratio.sp4,0,0,0,0,0,0,0,0,0,1,0,0,0,1,0,0
species.maturity.size.ratio.sp5,0,0,0,0,0,0,0,0,0,0,0,0,0,0,0,0
species.maturity.size.ratio.sp6,0,0,0,0,0,0,0,0,0,0,0,0,0,0,0,0
species.maturity.size.ratio.sp7,0,0,0,0,0,0,0,0,0,0,0,0,0,0,0,0
species.maturity.size.ratio.sp8,0,0,0,0,0,0,0,0,0,0,0,0,0,0,0,0
species.maturity.size.ratio.sp9,0,0,0,0,0,0,0,0,0,0,0,0,0,0,0,0
species.maturity.size.ratio.sp10,0,0,0,0,0,0,0,0,0,0,0,0,0,0,0,0
species.maturity.size.ratio.sp11,0,0,0,0,0,0,0,0,0,0,0,0,0,1,0,0
species.maturity.size.ratio.sp12,0,0,0,0,0,0,0,0,0,0,0,0,0,0,0,0
species.maturity.size.ratio.sp13,1,0,0,1,0,0,0,0,0,1,1,0,0,1,0,0
species.maturity.size.ratio.sp14,0,0,0,0,0,0,0,0,0,0,0,0,0,0,0,0
species.maturity.size.ratio.sp15,0,0,0,0,0,0,0,0,0,0,0,0,0,0,0,1
predation.predPrey.sizeRatio.teta.sp0.stage1,0,0,0,0,0,0,0,0,0,0,0,0,0,0,0,0
predation.predPrey.sizeRatio.alpha.sp0.stage1,1,0,0,0,0,0,0,0,0,0,0,0,0,0,0,0
predation.predPrey.sizeRatio.teta.sp1.stage1,0,0,0,0,0,0,0,0,0,0,0,0,0,0,0,0
predation.predPrey.sizeRatio.alpha.sp1.stage1,0,1,0,0,0,0,0,0,0,0,0,0,0,0,0,0
predation.predPrey.sizeRatio.teta.sp2.stage1,0,0,0,0,0,0,0,0,0,0,0,0,0,0,0,0
predation.predPrey.sizeRatio.alpha.sp2.stage1,0,0,1,0,0,0,0,0,0,0,0,0,0,1,0,0
predation.predPrey.sizeRatio.teta.sp3.stage1,0,0,0,0,0,0,0,0,0,0,0,0,0,0,0,0
predation.predPrey.sizeRatio.alpha.sp3.stage1,0,0,0,1,0,1,0,0,0,0,0,0,0,0,0,0
predation.predPrey.sizeRatio.teta.sp4.stage1,0,0,0,0,0,0,0,0,0,0,0,0,0,1,0,0
predation.predPrey.sizeRatio.alpha.sp4.stage1,0,0,1,0,0,0,0,0,0,1,1,0,0,1,0,0
predation.predPrey.sizeRatio.teta.sp5.stage1,0,0,0,0,0,0,0,0,0,0,0,0,0,0,0,0
predation.predPrey.sizeRatio.teta.sp5.stage2,0,0,0,0,0,1,0,0,0,0,0,0,0,0,0,0
predation.predPrey.sizeRatio.alpha.sp5.stage1,0,0,0,0,0,0,0,0,0,0,0,0,0,1,0,0
predation.predPrey.sizeRatio.alpha.sp5.stage2,0,0,0,0,0,1,0,0,0,0,0,0,0,1,0,0
predation.predPrey.sizeRatio.teta.sp6.stage1,0,0,0,0,0,0,0,0,0,0,0,0,0,0,0,0
predation.predPrey.sizeRatio.alpha.sp6.stage1,0,0,0,0,0,0,1,0,0,0,0,0,0,0,0,0
predation.predPrey.sizeRatio.teta.sp7.stage1,0,0,0,0,0,0,0,1,0,0,0,0,0,0,0,0
predation.predPrey.sizeRatio.alpha.sp7.stage1,0,0,0,0,0,0,0,1,0,0,0,0,0,1,0,0
predation.predPrey.sizeRatio.teta.sp8.stage1,0,0,0,0,0,0,0,0,0,0,0,0,0,1,0,0
predation.predPrey.sizeRatio.alpha.sp8.stage1,0,0,0,0,0,0,0,0,0,0,0,0,0,0,0,0
predation.predPrey.sizeRatio.teta.sp9.stage1,0,0,0,0,0,0,0,0,0,0,0,0,0,0,0,0
predation.predPrey.sizeRatio.alpha.sp9.stage1,0,0,0,0,0,0,0,0,0,1,0,0,0,1,0,0
predation.predPrey.sizeRatio.teta.sp10.stage1,0,0,0,0,0,0,0,0,0,0,0,0,0,0,0,0
predation.predPrey.sizeRatio.alpha.sp10.stage1,0,0,0,0,0,0,0,0,0,0,1,0,0,0,0,0
predation.predPrey.sizeRatio.teta.sp11.stage1,0,0,0,0,0,0,0,0,0,0,0,0,0,0,0,0
predation.predPrey.sizeRatio.alpha.sp11.stage1,0,0,0,0,0,0,0,0,0,0,0,0,0,0,0,0
predation.predPrey.sizeRatio.teta.sp12.stage1,0,0,0,0,0,0,0,0,0,0,0,0,0,0,0,0
predation.predPrey.sizeRatio.alpha.sp12.stage1,0,0,0,0,0,0,0,0,0,0,0,0,0,0,0,0
predation.predPrey.sizeRatio.teta.sp13.stage1,0,0,0,0,0,0,0,0,0,0,0,0,0,1,0,0
predation.predPrey.sizeRatio.alpha.sp13.stage1,0,0,0,0,0,0,0,0,0,0,0,0,0,1,0,0
predation.predPrey.sizeRatio.teta.sp14.stage1,0,0,0,0,0,0,0,0,0,0,0,0,0,0,0,0
predation.predPrey.sizeRatio.alpha.sp14.stage1,0,0,0,0,0,0,0,0,0,0,0,0,0,0,1,0
predation.predPrey.sizeRatio.teta.sp15.stage1,0,0,0,0,0,0,0,0,0,0,0,0,0,0,0,0
predation.predPrey.sizeRatio.alpha.sp15.stage1,0,0,0,0,0,0,0,0,0,0,0,0,0,0,0,1
